Date,flow,average temperature (C),precipitation,ET,PET
2002-07-04,3020556.0,17.28879959689489,0.0,2184907.042857143,7523584.828571429
2002-07-05,2379631.0,17.474368542244807,4530254.130527398,2184907.042857143,7523584.828571429
2002-07-06,2185948.0,17.659937487594725,12358333.841197997,2184907.042857143,7523584.828571429
2002-07-07,4182650.0,17.845506432944642,0.0,2184907.042857143,7523584.828571429
2002-07-08,3049387.0,18.03107537829456,0.0,2184907.042857143,7523584.828571429
2002-07-09,2443206.0,18.21664432364448,2135370.118296272,2184907.042857143,7523584.828571429
2002-07-10,2432117.0,18.402213268994394,32016993.72977672,2184907.042857143,7523584.828571429
2002-07-11,18533623.0,18.587782214344312,25865065.466831405,2184907.042857143,7523584.828571429
2002-07-12,12557562.0,18.77335115969423,0.0,2186022.285714286,6409405.542857143
2002-07-13,7431634.0,19.09872615469053,2865883.541207985,2186022.285714286,6409405.542857143
2002-07-14,15843508.0,19.42410114968684,13223412.2812547,2186022.285714286,6409405.542857143
2002-07-15,18052374.0,19.749476144683147,17267794.90068766,2186022.285714286,6409405.542857143
2002-07-16,11592108.0,20.074851139679453,14866810.37170692,2186022.285714286,6409405.542857143
2002-07-17,9052060.0,20.40022613467576,6930079.362458072,2186022.285714286,6409405.542857143
2002-07-18,6867590.0,20.725601129672068,17668870.923263166,2186022.285714286,6409405.542857143
2002-07-19,5508857.0,21.050976124668374,26164616.270982657,2186022.285714286,6409405.542857143
2002-07-20,10752325.0,21.37635111966468,1614008.858248651,2322160.6285714284,5465369.914285715
2002-07-21,8366780.0,21.318335570274986,5865881.758330965,2322160.6285714284,5465369.914285715
2002-07-22,6846891.0,21.26032002088528,9780058.290623952,2322160.6285714284,5465369.914285715
2002-07-23,5318131.0,21.202304471495584,0.0,2322160.6285714284,5465369.914285715
2002-07-24,4405902.0,21.144288922105886,0.0,2322160.6285714284,5465369.914285715
2002-07-25,3681442.0,21.08627337271619,0.0,2322160.6285714284,5465369.914285715
2002-07-26,3204629.0,21.02825782332649,10614151.69994731,2322160.6285714284,5465369.914285715
2002-07-27,2866793.0,20.97024227393679,0.0,2322160.6285714284,5465369.914285715
2002-07-28,2514173.0,20.912226724547093,0.0,1903826.8285714288,4206841.257142857
2002-07-29,2299053.0,20.47606492005525,0.0,1903826.8285714288,4206841.257142857
2002-07-30,2167467.0,20.039903115563423,104533.164137688,1903826.8285714288,4206841.257142857
2002-07-31,2178556.0,19.603741311071587,0.0,1903826.8285714288,4206841.257142857
2002-08-01,2243609.0,19.16757950657976,5490344.658887772,1903826.8285714288,4206841.257142857
2002-08-02,2656848.0,18.73141770208792,6871567.68218857,1903826.8285714288,4206841.257142857
2002-08-03,2390719.0,18.29525589759609,33501066.580820564,1903826.8285714288,4206841.257142857
2002-08-04,3665179.0,17.85909409310425,2252365.487771647,1903826.8285714288,4206841.257142857
2002-08-05,2576270.0,17.422932288612415,18034812.66116583,2114383.9285714286,5595892.114285713
2002-08-06,3892127.0,16.98677048412058,8648083.639233708,2114383.9285714286,5595892.114285713
2002-08-07,4572972.0,16.550608679628745,3945244.3757222574,2114383.9285714286,5595892.114285713
2002-08-08,3705098.0,16.114446875136913,0.0,2114383.9285714286,5595892.114285713
2002-08-09,5338091.0,15.678285070645078,3875253.237181249,2114383.9285714286,5595892.114285713
2002-08-10,6812886.0,15.242123266153245,53806019.893666804,2114383.9285714286,5595892.114285713
2002-08-11,17993973.0,14.805961461661408,50198822.480584465,2114383.9285714286,5595892.114285713
2002-08-12,20496319.0,14.369799657169573,8760055.40199163,2114383.9285714286,5595892.114285713
2002-08-13,18164000.0,13.93363785267774,1630938.4392427143,1589790.8428571427,3058468.842857143
2002-08-14,12230077.0,14.433320967582748,37416431.33118812,1589790.8428571427,3058468.842857143
2002-08-15,11349635.0,14.933004082487756,14090335.755077716,1589790.8428571427,3058468.842857143
2002-08-16,10822553.0,15.432687197392768,203482.8010932449,1589790.8428571427,3058468.842857143
2002-08-17,8711268.0,15.932370312297774,85669.8303222176,1589790.8428571427,3058468.842857143
2002-08-18,6945211.0,16.432053427202785,320998.529366136,1589790.8428571427,3058468.842857143
2002-08-19,7998635.0,16.931736542107792,3525408.9637053986,1589790.8428571427,3058468.842857143
2002-08-20,11531490.0,17.431419657012803,8311783.532398591,1589790.8428571427,3058468.842857143
2002-08-21,11612807.0,17.93110277191781,14036194.148922672,1872319.5,5167042.3
2002-08-22,8602599.0,18.139298113326102,0.0,1872319.5,5167042.3
2002-08-23,6448438.0,18.3474934547344,1701521.6223467656,1872319.5,5167042.3
2002-08-24,5687015.0,18.55568879614269,42962.551116943294,1872319.5,5167042.3
2002-08-25,6173438.0,18.763884137550985,0.0,1872319.5,5167042.3
2002-08-26,4779221.0,18.97207947895928,0.0,1872319.5,5167042.3
2002-08-27,4218134.0,19.18027482036757,0.0,1872319.5,5167042.3
2002-08-28,3835944.0,19.388470161775864,2045039.0988761452,1872319.5,5167042.3
2002-08-29,4142731.0,19.59666550318416,6112272.33686979,1620115.6714285715,3578561.785714286
2002-08-30,3956441.0,19.51759313323756,69486.550597868,1620115.6714285715,3578561.785714286
2002-08-31,3419749.0,19.438520763290963,0.0,1620115.6714285715,3578561.785714286
2002-09-01,3095960.0,19.35944839334437,0.0,1620115.6714285715,3578561.785714286
2002-09-02,2851269.0,19.280376023397764,0.0,1620115.6714285715,3578561.785714286
2002-09-03,2708595.0,19.201303653451166,0.0,1620115.6714285715,3578561.785714286
2002-09-04,2587359.0,19.12223128350457,0.0,1620115.6714285715,3578561.785714286
2002-09-05,2455773.0,19.04315891355797,48644.2960790115,1620115.6714285715,3578561.785714286
2002-09-06,2397373.0,18.964086543611373,26537194.897989675,1222083.0571428572,3438997.257142857
2002-09-07,2560746.0,18.469606150455064,1471257.0998991139,1222083.0571428572,3438997.257142857
2002-09-08,2350800.0,17.975125757298752,0.0,1222083.0571428572,3438997.257142857
2002-09-09,2224389.0,17.48064536414244,0.0,1222083.0571428572,3438997.257142857
2002-09-10,2131244.0,16.98616497098613,0.0,1222083.0571428572,3438997.257142857
2002-09-11,2058798.0,16.491684577829822,0.0,1222083.0571428572,3438997.257142857
2002-09-12,2064712.0,15.99720418467351,664966.7601907732,1222083.0571428572,3438997.257142857
2002-09-13,2034403.0,15.5027237915172,0.0,1222083.0571428572,3438997.257142857
2002-09-14,1978960.0,15.00824339836089,0.0,1049941.8142857142,2603339.8142857146
2002-09-15,1930169.0,14.543089954677082,7887998.597373625,1049941.8142857142,2603339.8142857146
2002-09-16,1895425.0,14.077936510993275,25101809.297779493,1049941.8142857142,2603339.8142857146
2002-09-17,3312558.0,13.612783067309472,10079405.537319811,1049941.8142857142,2603339.8142857146
2002-09-18,2943675.0,13.147629623625663,3521276.024895561,1049941.8142857142,2603339.8142857146
2002-09-19,2413636.0,12.682476179941858,0.0,1049941.8142857142,2603339.8142857146
2002-09-20,2095021.0,12.217322736258051,0.0,1049941.8142857142,2603339.8142857146
2002-09-21,1987091.0,11.752169292574248,0.0,1049941.8142857142,2603339.8142857146
2002-09-22,1903557.0,11.28701584889044,602342.4101468693,614189.6142857142,1250476.2285714287
2002-09-23,1884336.0,11.67148839903343,3140290.7138826777,614189.6142857142,1250476.2285714287
2002-09-24,2281311.0,12.05596094917642,6289222.173147886,614189.6142857142,1250476.2285714287
2002-09-25,2104631.0,12.44043349931941,0.0,614189.6142857142,1250476.2285714287
2002-09-26,1910949.0,12.8249060494624,0.0,614189.6142857142,1250476.2285714287
2002-09-27,1785277.0,13.209378599605389,280796.137310667,614189.6142857142,1250476.2285714287
2002-09-28,1957522.0,13.593851149748376,32324252.5603875,614189.6142857142,1250476.2285714287
2002-09-29,2856444.0,13.978323699891366,0.0,614189.6142857142,1250476.2285714287
2002-09-30,2154161.0,14.362796250034355,0.0,677115.9999999999,1182265.9571428571
2002-10-01,2266526.0,14.045077063529346,47361965.23109456,677115.9999999999,1182265.9571428571
2002-10-02,11025106.0,13.727357877024335,0.0,677115.9999999999,1182265.9571428571
2002-10-03,5733587.0,13.409638690519326,0.0,677115.9999999999,1182265.9571428571
2002-10-04,4867192.0,13.091919504014315,99136.49897201681,677115.9999999999,1182265.9571428571
2002-10-05,3966051.0,12.774200317509308,0.0,677115.9999999999,1182265.9571428571
2002-10-06,3240852.0,12.4564811310043,6817434.639373173,677115.9999999999,1182265.9571428571
2002-10-07,3572773.0,12.138761944499288,2959341.2659635916,677115.9999999999,1182265.9571428571
2002-10-08,4501265.0,11.82104275799428,3918601.286779108,611222.7571428572,900540.9
2002-10-09,3817463.0,11.609211248525405,1359151.3973348804,611222.7571428572,900540.9
2002-10-10,3600864.0,11.397379739056532,0.0,611222.7571428572,900540.9
2002-10-11,3531375.0,11.185548229587658,0.0,611222.7571428572,900540.9
2002-10-12,3084871.0,10.973716720118784,0.0,611222.7571428572,900540.9
2002-10-13,2810611.0,10.76188521064991,0.0,611222.7571428572,900540.9
2002-10-14,2597708.0,10.550053701181035,0.0,611222.7571428572,900540.9
2002-10-15,2455773.0,10.338222191712164,9809274.310871745,611222.7571428572,900540.9
2002-10-16,2806175.0,10.126390682243288,1031457.3005322587,534513.7285714287,638225.1571428571
2002-10-17,2428421.0,9.79939119470322,0.0,534513.7285714287,638225.1571428571
2002-10-18,2233999.0,9.47239170716315,0.0,534513.7285714287,638225.1571428571
2002-10-19,2148247.0,9.14539221962308,35096.4504153042,534513.7285714287,638225.1571428571
2002-10-20,2086889.0,8.81839273208301,22297068.493592,534513.7285714287,638225.1571428571
2002-10-21,3508458.0,8.491393244542941,29229526.071523983,534513.7285714287,638225.1571428571
2002-10-22,8015638.0,8.164393757002872,7575416.677004258,534513.7285714287,638225.1571428571
2002-10-23,6324984.0,7.837394269462802,0.0,534513.7285714287,638225.1571428571
2002-10-24,4607717.0,7.510394781922733,0.0,450224.6,499251.0285714285
2002-10-25,3827073.0,6.928168081788859,0.0,450224.6,499251.0285714285
2002-10-26,3399789.0,6.345941381654985,48630.3323491408,450224.6,499251.0285714285
2002-10-27,4611413.0,5.76371468152111,19114683.64255517,450224.6,499251.0285714285
2002-10-28,10550511.0,5.181487981387236,8340468.869545553,450224.6,499251.0285714285
2002-10-29,9196213.0,4.599261281253362,3144341.191450076,450224.6,499251.0285714285
2002-10-30,7266043.0,4.017034581119487,86261.142798493,450224.6,499251.0285714285
2002-10-31,5681840.0,3.434807880985613,0.0,450224.6,499251.0285714285
2002-11-01,5591652.0,2.85258118085174,10973764.060325705,373029.7,406566.31428571424
2002-11-02,6324244.0,2.338278678523164,5292917.31087054,373029.7,406566.31428571424
2002-11-03,5301129.0,1.8239761761945863,0.0,373029.7,406566.31428571424
2002-11-04,4612891.0,1.3096736738660095,37830.184340903004,373029.7,406566.31428571424
2002-11-05,4164169.0,0.795371171537433,0.0,373029.7,406566.31428571424
2002-11-06,3771630.0,0.2810686692088562,0.0,373029.7,406566.31428571424
2002-11-07,3489238.0,-0.2332338331197205,4171267.856377665,373029.7,406566.31428571424
2002-11-08,5006170.0,-0.7475363354482973,8180587.5119790025,373029.7,406566.31428571424
2002-11-09,5511074.0,-1.2618388377768746,10015187.967943853,295189.94285714277,303412.9857142857
2002-11-10,4760001.0,-0.968820353613516,2756958.243806933,295189.94285714277,303412.9857142857
2002-11-11,4594410.0,-0.6758018694501575,8507675.729796616,295189.94285714277,303412.9857142857
2002-11-12,11257969.0,-0.382783385286799,6531386.668509171,295189.94285714277,303412.9857142857
2002-11-13,10248899.0,-0.0897649011234404,12393483.647091946,295189.94285714277,303412.9857142857
2002-11-14,7566177.0,0.203253583039918,7774667.865371841,295189.94285714277,303412.9857142857
2002-11-15,6110603.0,0.4962720672032765,0.0,295189.94285714277,303412.9857142857
2002-11-16,5175457.0,0.7892905513666353,0.0,295189.94285714277,303412.9857142857
2002-11-17,4579625.0,1.0823090355299934,0.0,189804.2142857142,191178.5428571428
2002-11-18,6357511.0,0.9267287090189952,5156320.03997889,189804.2142857142,191178.5428571428
2002-11-19,7132979.0,0.7711483825079969,0.0,189804.2142857142,191178.5428571428
2002-11-20,5641921.0,0.6155680559969987,6074058.818512322,189804.2142857142,191178.5428571428
2002-11-21,8758580.0,0.4599877294860004,405901.48196040647,189804.2142857142,191178.5428571428
2002-11-22,6923033.0,0.3044074029750021,0.0,189804.2142857142,191178.5428571428
2002-11-23,5560604.0,0.1488270764640039,0.0,189804.2142857142,191178.5428571428
2002-11-24,4802877.0,-0.0067532500469942,0.0,189804.2142857142,191178.5428571428
2002-11-25,5201331.0,-0.1623335765579925,70592698.84708287,236911.2142857143,237509.42857142852
2002-11-26,12238208.0,0.0476127019242594,21417296.93538309,236911.2142857143,237509.42857142852
2002-11-27,10172017.0,0.2575589804065114,13201791.153332373,236911.2142857143,237509.42857142852
2002-11-28,7797561.0,0.4675052588887632,0.0,236911.2142857143,237509.42857142852
2002-11-29,6191920.0,0.6774515373710152,581527.8977244194,236911.2142857143,237509.42857142852
2002-11-30,5854084.0,0.8873978158532672,0.0,236911.2142857143,237509.42857142852
2002-12-01,5085269.0,1.097344094335519,0.0,236911.2142857143,237509.42857142852
2002-12-02,4584800.0,1.307290372817771,0.0,236911.2142857143,237509.42857142852
2002-12-03,4146427.0,1.5172366513000228,0.0,208706.6285714285,203791.0999999999
2002-12-04,3912826.0,0.5524022495900704,0.0,208706.6285714285,203791.0999999999
2002-12-05,3873646.0,-0.4124321521198819,0.0,208706.6285714285,203791.0999999999
2002-12-06,3750192.0,-1.3772665538298343,0.0,208706.6285714285,203791.0999999999
2002-12-07,3451537.0,-2.3421009555397867,0.0,208706.6285714285,203791.0999999999
2002-12-08,3243809.0,-3.306935357249739,0.0,208706.6285714285,203791.0999999999
2002-12-09,3045691.0,-4.271769758959692,0.0,208706.6285714285,203791.0999999999
2002-12-10,2902277.0,-5.2366041606696445,0.0,208706.6285714285,203791.0999999999
2002-12-11,2766256.0,-6.201438562379596,72339.9413683853,207653.67142857143,207780.3428571428
2002-12-12,2647238.0,-5.983125751896532,0.0,207653.67142857143,207780.3428571428
2002-12-13,2545222.0,-5.764812941413467,0.0,207653.67142857143,207780.3428571428
2002-12-14,2414375.0,-5.546500130930403,9137675.948535914,207653.67142857143,207780.3428571428
2002-12-15,2855705.0,-5.32818732044734,0.0,207653.67142857143,207780.3428571428
2002-12-16,2848312.0,-5.109874509964276,17793625.26032108,207653.67142857143,207780.3428571428
2002-12-17,4947030.0,-4.891561699481212,15165766.654319653,207653.67142857143,207780.3428571428
2002-12-18,4155298.0,-4.673248888998147,8489941.317631785,207653.67142857143,207780.3428571428
2002-12-19,3852947.0,-4.454936078515083,0.0,237964.74285714282,238282.4857142857
2002-12-20,3255637.0,-5.2007773343721775,0.0,237964.74285714282,238282.4857142857
2002-12-21,2973984.0,-5.946618590229272,0.0,237964.74285714282,238282.4857142857
2002-12-22,2788433.0,-6.692459846086365,0.0,237964.74285714282,238282.4857142857
2002-12-23,2615450.0,-7.438301101943459,0.0,237964.74285714282,238282.4857142857
2002-12-24,2476472.0,-8.184142357800553,23518209.9010406,237964.74285714282,238282.4857142857
2002-12-25,2397373.0,-8.929983613657647,1320038.1772413878,237964.74285714282,238282.4857142857
2002-12-26,2347104.0,-9.675824869514742,4034339.9359090608,237964.74285714282,238282.4857142857
2002-12-27,2200733.0,-10.421666125371836,805923.4305141427,133974.92857142852,134641.92857142852
2002-12-28,2165989.0,-10.399971193684689,5134988.033538103,133974.92857142852,134641.92857142852
2002-12-29,2226607.0,-10.37827626199754,2439745.062381734,133974.92857142852,134641.92857142852
2002-12-30,2154161.0,-10.356581330310394,0.0,133974.92857142852,134641.92857142852
2002-12-31,2100935.0,-10.334886398623247,0.0,133974.92857142852,134641.92857142852
2003-01-01,2051406.0,-10.3131914669361,9741993.055517884,228026.91428571419,223864.74285714282
2003-01-02,2020357.0,-9.541933582255565,0.0,228026.91428571419,223864.74285714282
2003-01-03,2004833.0,-8.770675697575024,18392133.211809922,228026.91428571419,223864.74285714282
2003-01-04,2154161.0,-7.999417812894486,6403629.754050102,228026.91428571419,223864.74285714282
2003-01-05,2140115.0,-7.228159928213948,9456358.56785004,228026.91428571419,223864.74285714282
2003-01-06,2047709.0,-6.45690204353341,675297.0248270261,228026.91428571419,223864.74285714282
2003-01-07,2012226.0,-5.685644158852872,0.0,228026.91428571419,223864.74285714282
2003-01-08,1946433.0,-4.914386274172334,0.0,228026.91428571419,223864.74285714282
2003-01-09,1939780.0,-4.143128389491796,713183.2626845558,197549.5,203549.4571428571
2003-01-10,2192602.0,-4.85568371747736,0.0,197549.5,203549.4571428571
2003-01-11,2012965.0,-5.568239045462925,2500646.484121977,197549.5,203549.4571428571
2003-01-12,1970828.0,-6.28079437344849,0.0,197549.5,203549.4571428571
2003-01-13,1977481.0,-6.993349701434054,1077354.9800959118,197549.5,203549.4571428571
2003-01-14,2525262.0,-7.705905029419618,2596586.2485322845,197549.5,203549.4571428571
2003-01-15,2338972.0,-8.418460357405184,876988.7846015559,197549.5,203549.4571428571
2003-01-16,2123112.0,-9.131015685390748,1239845.129547959,197549.5,203549.4571428571
2003-01-17,2579966.0,-9.843571013376312,0.0,186543.8571428571,194838.6
2003-01-18,2270962.0,-9.687592987640585,0.0,186543.8571428571,194838.6
2003-01-19,2104631.0,-9.53161496190486,0.0,186543.8571428571,194838.6
2003-01-20,2034403.0,-9.375636936169132,934432.9105359825,186543.8571428571,194838.6
2003-01-21,1999658.0,-9.219658910433406,4618124.02335064,186543.8571428571,194838.6
2003-01-22,1939780.0,-9.063680884697678,0.0,186543.8571428571,194838.6
2003-01-23,1901339.0,-8.907702858961953,8890172.912429217,186543.8571428571,194838.6
2003-01-24,1873248.0,-8.751724833226227,1057684.8669465433,186543.8571428571,194838.6
2003-01-25,1893207.0,-8.5957468074905,0.0,189896.7142857142,197868.9571428571
2003-01-26,1849592.0,-8.04987254802006,0.0,189896.7142857142,197868.9571428571
2003-01-27,1803758.0,-7.503998288549621,21267364.53286703,189896.7142857142,197868.9571428571
2003-01-28,3324386.0,-6.9581240290791815,12884619.48522368,189896.7142857142,197868.9571428571
2003-01-29,3028688.0,-6.412249769608742,13097105.32626347,189896.7142857142,197868.9571428571
2003-01-30,2574791.0,-5.866375510138303,6816273.8766734805,189896.7142857142,197868.9571428571
2003-01-31,2384805.0,-5.320501250667864,4550152.313573053,189896.7142857142,197868.9571428571
2003-02-01,2233260.0,-4.774626991197425,0.0,189896.7142857142,197868.9571428571
2003-02-02,2122373.0,-4.228752731726986,0.0,211107.28571428568,220552.9571428571
2003-02-03,2043274.0,-4.667322325230132,0.0,211107.28571428568,220552.9571428571
2003-02-04,2010008.0,-5.105891918733279,0.0,211107.28571428568,220552.9571428571
2003-02-05,1937562.0,-5.544461512236426,0.0,211107.28571428568,220552.9571428571
2003-02-06,1921298.0,-5.983031105739572,0.0,211107.28571428568,220552.9571428571
2003-02-07,1921298.0,-6.421600699242719,654447.3534976377,211107.28571428568,220552.9571428571
2003-02-08,1921298.0,-6.860170292745865,11683470.187564265,211107.28571428568,220552.9571428571
2003-02-09,2041795.0,-7.298739886249011,0.0,211107.28571428568,220552.9571428571
2003-02-10,2497171.0,-7.737309479752158,0.0,240475.2285714285,255054.4142857143
2003-02-11,2483864.0,-7.622923214741605,17446968.734429386,240475.2285714285,255054.4142857143
2003-02-12,2360410.0,-7.508536949731052,0.0,240475.2285714285,255054.4142857143
2003-02-13,2134201.0,-7.3941506847205,3114091.1656536823,240475.2285714285,255054.4142857143
2003-02-14,2075062.0,-7.279764419709947,0.0,240475.2285714285,255054.4142857143
2003-02-15,2021097.0,-7.165378154699394,0.0,240475.2285714285,255054.4142857143
2003-02-16,1946433.0,-7.0509918896888415,0.0,240475.2285714285,255054.4142857143
2003-02-17,1921298.0,-6.936605624678289,0.0,240475.2285714285,255054.4142857143
2003-02-18,1897643.0,-6.822219359667736,0.0,205969.19999999998,219126.1428571428
2003-02-19,1841460.0,-6.768297014607744,3144587.54820259,205969.19999999998,219126.1428571428
2003-02-20,1876944.0,-6.714374669547752,7970232.648938774,205969.19999999998,219126.1428571428
2003-02-21,1921298.0,-6.6604523244877605,0.0,205969.19999999998,219126.1428571428
2003-02-22,1889511.0,-6.606529979427768,10835530.59027781,205969.19999999998,219126.1428571428
2003-02-23,1873248.0,-6.552607634367776,0.0,205969.19999999998,219126.1428571428
2003-02-24,1759404.0,-6.498685289307785,0.0,205969.19999999998,219126.1428571428
2003-02-25,1707657.0,-6.444762944247793,0.0,205969.19999999998,219126.1428571428
2003-02-26,1751272.0,-6.390840599187801,8845641.394341225,248556.9428571428,267666.47142857144
2003-02-27,1778624.0,-6.595215845554382,0.0,248556.9428571428,267666.47142857144
2003-02-28,1711353.0,-6.799591091920962,0.0,248556.9428571428,267666.47142857144
2003-03-01,1709135.0,-7.003966338287542,19625620.76613535,248556.9428571428,267666.47142857144
2003-03-02,2469819.0,-7.208341584654123,0.0,248556.9428571428,267666.47142857144
2003-03-03,2211083.0,-7.412716831020704,12532877.786377816,248556.9428571428,267666.47142857144
2003-03-04,2121634.0,-7.617092077387283,10248897.87043768,248556.9428571428,267666.47142857144
2003-03-05,1754229.0,-7.821467323753865,0.0,248556.9428571428,267666.47142857144
2003-03-06,1778624.0,-8.025842570120446,0.0,269275.9285714285,288105.35714285716
2003-03-07,1806715.0,-7.378642203166558,52051044.96564602,269275.9285714285,288105.35714285716
2003-03-08,2374456.0,-6.731441836212671,16137994.520220317,269275.9285714285,288105.35714285716
2003-03-09,2021097.0,-6.084241469258783,0.0,269275.9285714285,288105.35714285716
2003-03-10,1831850.0,-5.437041102304896,0.0,269275.9285714285,288105.35714285716
2003-03-11,1690654.0,-4.789840735351008,285094.6882545496,269275.9285714285,288105.35714285716
2003-03-12,1701743.0,-4.14264036839712,801341.7128858486,269275.9285714285,288105.35714285716
2003-03-13,1658127.0,-3.4954400014432325,0.0,269275.9285714285,288105.35714285716
2003-03-14,1641124.0,-2.848239634489345,0.0,664551.4714285714,679977.4142857143
2003-03-15,1648517.0,-2.515443907197045,0.0,664551.4714285714,679977.4142857143
2003-03-16,1769014.0,-2.182648179904745,0.0,664551.4714285714,679977.4142857143
2003-03-17,1990048.0,-1.849852452612445,0.0,664551.4714285714,679977.4142857143
2003-03-18,2038839.0,-1.517056725320145,0.0,664551.4714285714,679977.4142857143
2003-03-19,1993745.0,-1.184260998027845,1171403.9577081488,664551.4714285714,679977.4142857143
2003-03-20,1997441.0,-0.851465270735545,0.0,664551.4714285714,679977.4142857143
2003-03-21,1922038.0,-0.5186695434432451,0.0,664551.4714285714,679977.4142857143
2003-03-22,1942737.0,-0.1858738161509452,0.0,834586.857142857,1089499.7
2003-03-23,2417332.0,0.1767669144815467,0.0,834586.857142857,1089499.7
2003-03-24,3007250.0,0.5394076451140386,0.0,834586.857142857,1089499.7
2003-03-25,3433055.0,0.9020483757465304,0.0,834586.857142857,1089499.7
2003-03-26,4519007.0,1.2646891063790224,0.0,834586.857142857,1089499.7
2003-03-27,5576867.0,1.6273298370115143,1023653.4262397139,834586.857142857,1089499.7
2003-03-28,8991442.0,1.9899705676440065,0.0,834586.857142857,1089499.7
2003-03-29,6790708.0,2.352611298276498,976005.7944149082,834586.857142857,1089499.7
2003-03-30,5251599.0,2.7152520289089903,44470.6782976898,870133.0142857142,1175198.1285714286
2003-03-31,5970885.0,2.826580169043558,3766782.466584138,870133.0142857142,1175198.1285714286
2003-04-01,7317051.0,2.937908309178126,0.0,870133.0142857142,1175198.1285714286
2003-04-02,6849848.0,3.0492364493126938,0.0,870133.0142857142,1175198.1285714286
2003-04-03,5915442.0,3.1605645894472616,0.0,870133.0142857142,1175198.1285714286
2003-04-04,6382645.0,3.2718927295818294,0.0,870133.0142857142,1175198.1285714286
2003-04-05,6659862.0,3.383220869716397,6052425.017767061,870133.0142857142,1175198.1285714286
2003-04-06,5664098.0,3.494549009850965,0.0,870133.0142857142,1175198.1285714286
2003-04-07,6002673.0,3.605877149985533,0.0,1236514.4285714289,2227351.342857143
2003-04-08,8225584.0,4.06075073402668,12808251.122376604,1236514.4285714289,2227351.342857143
2003-04-09,13899293.0,4.515624318067827,0.0,1236514.4285714289,2227351.342857143
2003-04-10,10331694.0,4.970497902108974,0.0,1236514.4285714289,2227351.342857143
2003-04-11,7874442.0,5.425371486150121,86115.5659285862,1236514.4285714289,2227351.342857143
2003-04-12,8599642.0,5.880245070191268,12932663.627219751,1236514.4285714289,2227351.342857143
2003-04-13,16078588.0,6.335118654232415,0.0,1236514.4285714289,2227351.342857143
2003-04-14,13880072.0,6.789992238273562,0.0,1236514.4285714289,2227351.342857143
2003-04-15,11223224.0,7.244865822314709,0.0,1084541.2000000002,3919554.3000000003
2003-04-16,10857298.0,7.627930539246595,0.0,1084541.2000000002,3919554.3000000003
2003-04-17,11882631.0,8.010995256178482,0.0,1084541.2000000002,3919554.3000000003
2003-04-18,15154532.0,8.394059973110368,0.0,1084541.2000000002,3919554.3000000003
2003-04-19,16045322.0,8.777124690042255,4256052.611692268,1084541.2000000002,3919554.3000000003
2003-04-20,14845527.0,9.16018940697414,11138248.674353631,1084541.2000000002,3919554.3000000003
2003-04-21,13047682.0,9.543254123906028,5546037.91948521,1084541.2000000002,3919554.3000000003
2003-04-22,10632567.0,9.926318840837917,0.0,1084541.2000000002,3919554.3000000003
2003-04-23,9075716.0,10.3093835577698,3639029.58227751,1233042.7285714285,3718165.128571429
2003-04-24,10172756.0,10.46771706527339,0.0,1233042.7285714285,3718165.128571429
2003-04-25,9485997.0,10.626050572776984,11274018.836476255,1233042.7285714285,3718165.128571429
2003-04-26,12086663.0,10.784384080280574,3042937.8931371295,1233042.7285714285,3718165.128571429
2003-04-27,11090899.0,10.942717587784164,0.0,1233042.7285714285,3718165.128571429
2003-04-28,9375111.0,11.101051095287756,0.0,1233042.7285714285,3718165.128571429
2003-04-29,9097154.0,11.259384602791346,16157697.689421035,1233042.7285714285,3718165.128571429
2003-04-30,13669387.0,11.417718110294938,8367541.517735899,1233042.7285714285,3718165.128571429
2003-05-01,10439624.0,11.576051617798528,0.0,1506008.1714285717,2977897.5714285714
2003-05-02,7813085.0,11.350977642214245,0.0,1506008.1714285717,2977897.5714285714
2003-05-03,7756902.0,11.12590366662996,0.0,1506008.1714285717,2977897.5714285714
2003-05-04,7718461.0,10.900829691045676,0.0,1506008.1714285717,2977897.5714285714
2003-05-05,6652469.0,10.67575571546139,0.0,1506008.1714285717,2977897.5714285714
2003-05-06,5760939.0,10.450681739877105,0.0,1506008.1714285717,2977897.5714285714
2003-05-07,5637485.0,10.22560776429282,20522778.28240939,1506008.1714285717,2977897.5714285714
2003-05-08,9499304.0,10.000533788708536,0.0,1506008.1714285717,2977897.5714285714
2003-05-09,5849649.0,9.775459813124252,0.0,1077918.2,5603151.1
2003-05-10,4576668.0,10.210703901859294,0.0,1077918.2,5603151.1
2003-05-11,4002274.0,10.645947990594337,156347.26180748022,1077918.2,5603151.1
2003-05-12,3898780.0,11.081192079329378,0.0,1077918.2,5603151.1
2003-05-13,4082113.0,11.51643616806442,0.0,1077918.2,5603151.1
2003-05-14,4350459.0,11.951680256799465,0.0,1077918.2,5603151.1
2003-05-15,4247704.0,12.386924345534505,0.0,1077918.2,5603151.1
2003-05-16,4171562.0,12.822168434269546,12400543.200817892,1077918.2,5603151.1
2003-05-17,4252139.0,13.25741252300459,0.0,1513376.4714285715,3956583.257142857
2003-05-18,3636348.0,13.732737301255144,0.0,1513376.4714285715,3956583.257142857
2003-05-19,3481846.0,14.208062079505698,810570.1045324673,1513376.4714285715,3956583.257142857
2003-05-20,3427141.0,14.683386857756254,0.0,1513376.4714285715,3956583.257142857
2003-05-21,3131443.0,15.158711636006808,0.0,1513376.4714285715,3956583.257142857
2003-05-22,2959938.0,15.634036414257364,0.0,1513376.4714285715,3956583.257142857
2003-05-23,2742600.0,16.10936119250792,0.0,1513376.4714285715,3956583.257142857
2003-05-24,2642802.0,16.58468597075847,0.0,1513376.4714285715,3956583.257142857
2003-05-25,2534872.0,17.060010749009027,0.0,1683420.642857143,5689051.100000001
2003-05-26,2394416.0,16.730124236103066,1391072.6562938176,1683420.642857143,5689051.100000001
2003-05-27,2359671.0,16.400237723197108,0.0,1683420.642857143,5689051.100000001
2003-05-28,2285007.0,16.07035121029115,0.0,1683420.642857143,5689051.100000001
2003-05-29,2227346.0,15.740464697385187,0.0,1683420.642857143,5689051.100000001
2003-05-30,2236956.0,15.41057818447923,2428265.3753822413,1683420.642857143,5689051.100000001
2003-05-31,2275397.0,15.08069167157327,13003312.403118754,1683420.642857143,5689051.100000001
2003-06-01,3208325.0,14.75080515866731,0.0,1683420.642857143,5689051.100000001
2003-06-02,3015382.0,14.42091864576135,0.0,2201100.485714286,4281705.528571428
2003-06-03,2565921.0,14.634965427211103,0.0,2201100.485714286,4281705.528571428
2003-06-04,2018879.0,14.849012208660856,14582625.316758705,2201100.485714286,4281705.528571428
2003-06-05,1913167.0,15.063058990110608,0.0,2201100.485714286,4281705.528571428
2003-06-06,1743880.0,15.27710577156036,0.0,2201100.485714286,4281705.528571428
2003-06-07,1673651.0,15.491152553010114,4609124.225321336,2201100.485714286,4281705.528571428
2003-06-08,1647038.0,15.705199334459866,0.0,2201100.485714286,4281705.528571428
2003-06-09,1601944.0,15.91924611590962,0.0,2201100.485714286,4281705.528571428
2003-06-10,1522106.0,16.13329289735937,2180725.052101465,2090020.142857143,5505776.228571429
2003-06-11,1562025.0,16.589311162838534,0.0,2090020.142857143,5505776.228571429
2003-06-12,1547240.0,17.045329428317693,15170072.383979503,2090020.142857143,5505776.228571429
2003-06-13,1685479.0,17.501347693796856,890698.6854178036,2090020.142857143,5505776.228571429
2003-06-14,1792670.0,17.957365959276018,2151262.219865316,2090020.142857143,5505776.228571429
2003-06-15,1869551.0,18.413384224755177,7691799.951618535,2090020.142857143,5505776.228571429
2003-06-16,1677347.0,18.86940249023434,6950463.071625254,2090020.142857143,5505776.228571429
2003-06-17,1536152.0,19.3254207557135,407702.71249618387,2090020.142857143,5505776.228571429
2003-06-18,1516192.0,19.78143902119266,1645628.6617138316,1856788.642857143,5029032.442857143
2003-06-19,1454835.0,19.24725819809277,13194213.810208019,1856788.642857143,5029032.442857143
2003-06-20,2032185.0,18.713077374992874,0.0,1856788.642857143,5029032.442857143
2003-06-21,2529697.0,18.178896551892983,0.0,1856788.642857143,5029032.442857143
2003-06-22,1770492.0,17.644715728793088,0.0,1856788.642857143,5029032.442857143
2003-06-23,1519888.0,17.110534905693196,0.0,1856788.642857143,5029032.442857143
2003-06-24,1401609.0,16.5763540825933,839675.7931055733,1856788.642857143,5029032.442857143
2003-06-25,1539109.0,16.04217325949341,41457172.097716734,1856788.642857143,5029032.442857143
2003-06-26,2168946.0,15.507992436393517,0.0,2383233.4142857143,4428519.085714286
2003-06-27,3152881.0,15.6094005181746,0.0,2383233.4142857143,4428519.085714286
2003-06-28,2810611.0,15.710808599955683,0.0,2383233.4142857143,4428519.085714286
2003-06-29,2834267.0,15.812216681736768,0.0,2383233.4142857143,4428519.085714286
2003-06-30,2586619.0,15.913624763517852,0.0,2383233.4142857143,4428519.085714286
2003-07-01,2113502.0,16.015032845298936,8252709.619675036,2383233.4142857143,4428519.085714286
2003-07-02,1889511.0,16.116440927080017,0.0,2383233.4142857143,4428519.085714286
2003-07-03,1784538.0,16.2178490088611,34206820.9623891,2383233.4142857143,4428519.085714286
2003-07-04,2092803.0,16.319257090642186,0.0,2690313.2142857146,5948616.742857142
2003-07-05,3705837.0,16.390491170203127,0.0,2690313.2142857146,5948616.742857142
2003-07-06,2574791.0,16.461725249764065,9443251.78986126,2690313.2142857146,5948616.742857142
2003-07-07,2094282.0,16.532959329325006,0.0,2690313.2142857146,5948616.742857142
2003-07-08,1867334.0,16.604193408885948,0.0,2690313.2142857146,5948616.742857142
2003-07-09,1705439.0,16.67542748844689,42881571.61855312,2690313.2142857146,5948616.742857142
2003-07-10,3996361.0,16.74666156800783,9726111.985251397,2690313.2142857146,5948616.742857142
2003-07-11,9304143.0,16.81789564756877,5332840.457466378,2690313.2142857146,5948616.742857142
2003-07-12,4542663.0,16.88912972712971,0.0,2597676.371428572,5953460.228571429
2003-07-13,3206846.0,16.68586937275132,0.0,2597676.371428572,5953460.228571429
2003-07-14,2588098.0,16.482609018372926,0.0,2597676.371428572,5953460.228571429
2003-07-15,2108328.0,16.279348663994536,0.0,2597676.371428572,5953460.228571429
2003-07-16,1867334.0,16.076088309616146,0.0,2597676.371428572,5953460.228571429
2003-07-17,1709135.0,15.872827955237751,0.0,2597676.371428572,5953460.228571429
2003-07-18,1455574.0,15.669567600859365,0.0,2597676.371428572,5953460.228571429
2003-07-19,1352819.0,15.466307246480971,2063010.9124258782,2597676.371428572,5953460.228571429
2003-07-20,1946433.0,15.26304689210258,0.0,2604276.8142857146,6206914.728571428
2003-07-21,1862898.0,15.506610330666396,12491924.451018771,2604276.8142857146,6206914.728571428
2003-07-22,1496972.0,15.750173769230212,0.0,2604276.8142857146,6206914.728571428
2003-07-23,1282590.0,15.99373720779403,36504484.687098965,2604276.8142857146,6206914.728571428
2003-07-24,1340991.0,16.237300646357845,17334280.438336037,2604276.8142857146,6206914.728571428
2003-07-25,1360211.0,16.480864084921663,0.0,2604276.8142857146,6206914.728571428
2003-07-26,1391259.0,16.72442752348548,259428.9795504055,2604276.8142857146,6206914.728571428
2003-07-27,1387563.0,16.967990962049296,0.0,2604276.8142857146,6206914.728571428
2003-07-28,1370561.0,17.211554400613114,0.0,2373916.128571429,6193222.257142857
2003-07-29,1324727.0,17.61512982706888,7884173.61847929,2373916.128571429,6193222.257142857
2003-07-30,2713030.0,18.018705253524647,22741311.03418084,2373916.128571429,6193222.257142857
2003-07-31,2592533.0,18.42228067998041,0.0,2373916.128571429,6193222.257142857
2003-08-01,1803019.0,18.825856106436177,0.0,2373916.128571429,6193222.257142857
2003-08-02,1556850.0,19.229431532891944,5252377.227837544,2373916.128571429,6193222.257142857
2003-08-03,1820022.0,19.63300695934771,0.0,2373916.128571429,6193222.257142857
2003-08-04,2092064.0,20.03658238580348,0.0,2373916.128571429,6193222.257142857
2003-08-05,1864377.0,20.440157812259244,0.0,2043667.228571429,4881977.785714285
2003-08-06,1523584.0,20.00581857394967,0.0,2043667.228571429,4881977.785714285
2003-08-07,1820022.0,19.5714793356401,17424704.032641046,2043667.228571429,4881977.785714285
2003-08-08,3988968.0,19.137140097330526,29880990.926180273,2043667.228571429,4881977.785714285
2003-08-09,4612891.0,18.70280085902096,10390925.044987509,2043667.228571429,4881977.785714285
2003-08-10,9364022.0,18.268461620711385,8977666.19035377,2043667.228571429,4881977.785714285
2003-08-11,4472435.0,17.834122382401812,5293949.892148043,2043667.228571429,4881977.785714285
2003-08-12,5105229.0,17.39978314409224,20387423.246863417,2043667.228571429,4881977.785714285
2003-08-13,4295755.0,16.965443905782667,586680.3212789154,1978311.2142857146,5366407.785714286
2003-08-14,3333257.0,17.20998812273526,6542158.896366114,1978311.2142857146,5366407.785714286
2003-08-15,2876404.0,17.454532339687855,0.0,1978311.2142857146,5366407.785714286
2003-08-16,2522305.0,17.69907655664045,0.0,1978311.2142857146,5366407.785714286
2003-08-17,2242131.0,17.943620773593047,7728109.585355011,1978311.2142857146,5366407.785714286
2003-08-18,2257655.0,18.18816499054564,11277281.531547397,1978311.2142857146,5366407.785714286
2003-08-19,2173381.0,18.432709207498235,149133.2139823424,1978311.2142857146,5366407.785714286
2003-08-20,1975263.0,18.67725342445083,0.0,1978311.2142857146,5366407.785714286
2003-08-21,3005772.0,18.921797641403423,0.0,1497141.7857142857,3963725.728571429
2003-08-22,2361150.0,18.59931016486682,3482496.278781732,1497141.7857142857,3963725.728571429
2003-08-23,2839441.0,18.27682268833022,0.0,1497141.7857142857,3963725.728571429
2003-08-24,5080094.0,17.954335211793616,459768.8792917975,1497141.7857142857,3963725.728571429
2003-08-25,8686134.0,17.631847735257015,53465793.41952756,1497141.7857142857,3963725.728571429
2003-08-26,10417447.0,17.309360258720414,0.0,1497141.7857142857,3963725.728571429
2003-08-27,7914361.0,16.98687278218381,0.0,1497141.7857142857,3963725.728571429
2003-08-28,5708453.0,16.664385305647208,21866532.672469843,1497141.7857142857,3963725.728571429
2003-08-29,6526059.0,16.341897829110607,6428286.875728971,1546289.4857142856,3573857.285714286
2003-08-30,5637485.0,16.13801716572199,985750.4907981404,1546289.4857142856,3573857.285714286
2003-08-31,5166586.0,15.93413650233337,9163615.665444436,1546289.4857142856,3573857.285714286
2003-09-01,4467260.0,15.730255838944752,95738.50949973329,1546289.4857142856,3573857.285714286
2003-09-02,3831509.0,15.526375175556131,14546.2487072387,1546289.4857142856,3573857.285714286
2003-09-03,4903415.0,15.322494512167516,0.0,1546289.4857142856,3573857.285714286
2003-09-04,4197435.0,15.118613848778898,0.0,1546289.4857142856,3573857.285714286
2003-09-05,3588297.0,14.91473318539028,23266692.307729,1546289.4857142856,3573857.285714286
2003-09-06,8907168.0,14.71085252200166,0.0,1248886.142857143,2345266.5571428575
2003-09-07,7299309.0,14.808833406825135,0.0,1248886.142857143,2345266.5571428575
2003-09-08,6166785.0,14.906814291648612,0.0,1248886.142857143,2345266.5571428575
2003-09-09,7498906.0,15.004795176472086,28722311.982740354,1248886.142857143,2345266.5571428575
2003-09-10,7056098.0,15.10277606129556,11431454.06495201,1248886.142857143,2345266.5571428575
2003-09-11,6462483.0,15.200756946119036,4061555.144590864,1248886.142857143,2345266.5571428575
2003-09-12,5396491.0,15.298737830942512,0.0,1248886.142857143,2345266.5571428575
2003-09-13,4867931.0,15.396718715765989,0.0,1248886.142857143,2345266.5571428575
2003-09-14,4425862.0,15.494699600589463,0.0,888544.2285714286,1432497.842857143
2003-09-15,4354155.0,15.028608838928855,0.0,888544.2285714286,1432497.842857143
2003-09-16,3666657.0,14.562518077268248,0.0,888544.2285714286,1432497.842857143
2003-09-17,3345824.0,14.096427315607642,0.0,888544.2285714286,1432497.842857143
2003-09-18,3072304.0,13.630336553947034,41419616.36223816,888544.2285714286,1432497.842857143
2003-09-19,5960536.0,13.164245792286426,1015166.2685889489,888544.2285714286,1432497.842857143
2003-09-20,5884393.0,12.69815503062582,0.0,888544.2285714286,1432497.842857143
2003-09-21,4579625.0,12.232064268965212,0.0,888544.2285714286,1432497.842857143
2003-09-22,3948310.0,11.765973507304604,0.0,758546.5571428571,1243959.9285714284
2003-09-23,3496631.0,11.368668830443603,0.0,758546.5571428571,1243959.9285714284
2003-09-24,3162492.0,10.971364153582604,14198437.987537017,758546.5571428571,1243959.9285714284
2003-09-25,3030167.0,10.574059476721605,1724219.922049271,758546.5571428571,1243959.9285714284
2003-09-26,3234938.0,10.176754799860603,0.0,758546.5571428571,1243959.9285714284
2003-09-27,2970288.0,9.779450122999604,2288009.120658713,758546.5571428571,1243959.9285714284
2003-09-28,2790651.0,9.382145446138605,0.0,758546.5571428571,1243959.9285714284
2003-09-29,3084871.0,8.984840769277604,0.0,758546.5571428571,1243959.9285714284
2003-09-30,2973984.0,8.587536092416604,0.0,981943.4,1812046.528571429
